<?xml version="1.0" encoding="utf-8"?>
<widgets>
  <widget id="1ef27b78-0218-420c-bfda-038163510def" title="About the author" showTitle="True">TextBox</widget>
  <widget id="42fcbe7c-2c9c-440a-bad9-65a94472fccc" title="Administration" showTitle="True">Administration</widget>
  <widget id="fb38ecdd-5813-4d10-8c5f-8d901c7c731e" title="Search" showTitle="True">Search</widget>
  <widget id="ab2b8c27-02c4-46ab-a78f-28939c2a1a09" title="Month List" showTitle="True">Month List</widget>
  <widget id="dc246169-0320-459f-a181-0f7f423dfbb5" title="Page List" showTitle="True">Page List</widget>
  <widget id="f3f65f28-8110-4eff-89ea-5428bc86c823" title="Blogroll" showTitle="True">Blogroll</widget>
  <widget id="a7d968b2-00e1-49d0-8576-2e54fa2e5e29" title="Newsletter" showTitle="True">Newsletter</widget>
</widgets>